email,amount,note
ana.silva@example.com,156.50,Weekly earnings
tunde.okafor@example.com,372.50,Weekly earnings
mai.nguyen@example.com,276.00,Weekly earnings
diego.ramirez@example.com,376.50,Referral bonus
amara.mensah@example.com,96.00,Content payout
rizal.santoso@example.com,354.00,Weekly earnings
lucia.gomez@example.com,195.50,Weekly earnings
kofi.boateng@example.com,97.00,Weekly earnings
bea.reyes@example.com,102.00,Referral bonus
joao.costa@example.com,395.00,Content payout
zeynep.yilmaz@example.com,391.50,Weekly earnings
thandi.dlamini@example.com,250.00,Weekly earnings
carlos.silva@example.com,224.50,Weekly earnings
ngozi.okafor@example.com,255.50,Referral bonus
linh.nguyen@example.com,273.50,Content payout
sofia.ramirez@example.com,329.00,Weekly earnings
kwame.mensah@example.com,329.50,Weekly earnings
dewi.santoso@example.com,214.00,Weekly earnings
mateo.gomez@example.com,231.50,Referral bonus
aisha.boateng@example.com,352.50,Content payout
paolo.reyes@example.com,196.00,Weekly earnings
nia.costa@example.com,234.00,Weekly earnings
hoang.yilmaz@example.com,109.50,Weekly earnings
valentina.dlamini@example.com,319.50,Referral bonus
emeka.silva@example.com,347.00,Content payout
siti.okafor@example.com,194.50,Weekly earnings
andres.nguyen@example.com,137.00,Weekly earnings
zainab.ramirez@example.com,394.00,Weekly earnings
minh.mensah@example.com,119.00,Referral bonus
camila.santoso@example.com,225.50,Content payout
chidi.gomez@example.com,226.00,Weekly earnings
putri.boateng@example.com,114.50,Weekly earnings
javier.reyes@example.com,116.50,Weekly earnings
fatima.costa@example.com,279.00,Referral bonus
tuan.yilmaz@example.com,327.50,Content payout
isabela.dlamini@example.com,107.00,Weekly earnings
yaw.silva@example.com,274.00,Weekly earnings
ayu.okafor@example.com,376.50,Weekly earnings
rafael.nguyen@example.com,165.00,Referral bonus
adaeze.ramirez@example.com,269.00,Content payout
quynh.mensah@example.com,193.00,Weekly earnings
gabriela.santoso@example.com,180.00,Weekly earnings
musa.gomez@example.com,244.00,Weekly earnings
intan.boateng@example.com,307.50,Referral bonus
luis.reyes@example.com,179.00,Content payout
chioma.costa@example.com,130.50,Weekly earnings
bao.yilmaz@example.com,359.50,Weekly earnings
daniela.dlamini@example.com,280.00,Weekly earnings
kojo.silva@example.com,201.50,Referral bonus
nadia.okafor@example.com,521.50,Content payout
